<?xml version="1.0" encoding="UTF-8"?>
<chunk label="new" enabled="true">
  <sensors next_id="1">
    <sensor id="0" label="ONEPLUS A3003 (4.26 mm)" type="frame">
      <resolution width="2610" height="4640"/>
      <property name="pixel_width" value="0.0013848717758743042"/>
      <property name="pixel_height" value="0.0013848717758743042"/>
      <property name="focal_length" value="4.2599999999999998"/>
      <property name="fixed" value="false"/>
      <bands>
        <band label="Red"/>
        <band label="Green"/>
        <band label="Blue"/>
      </bands>
    </sensor>
  </sensors>
  <cameras next_id="20" next_group_id="0"/>
  <frames next_id="1">
    <frame id="0" path="0/frame.zip"/>
  </frames>
  <reference>LOCAL_CS["Local Coordinates (m)",LOCAL_DATUM["Local Datum",0],UNIT["metre",1,AUTHORITY["EPSG","9001"]]]</reference>
  <settings>
    <property name="accuracy_tiepoints" value="1"/>
    <property name="accuracy_cameras" value="10"/>
    <property name="accuracy_cameras_ypr" value="2"/>
    <property name="accuracy_markers" value="0.0050000000000000001"/>
    <property name="accuracy_scalebars" value="0.001"/>
    <property name="accuracy_projections" value="0.10000000000000001"/>
  </settings>
</chunk>
