<?xml version="1.0" encoding="UTF-8"?>
<chunk label="images" enabled="true">
  <sensors next_id="7">
    <sensor id="0" label="unknown" type="frame">
      <resolution width="750" height="1018"/>
      <property name="fixed" value="false"/>
      <bands>
        <band label="Red"/>
        <band label="Green"/>
        <band label="Blue"/>
      </bands>
    </sensor>
    <sensor id="1" label="unknown" type="frame">
      <resolution width="750" height="1039"/>
      <property name="fixed" value="false"/>
      <bands>
        <band label="Red"/>
        <band label="Green"/>
        <band label="Blue"/>
      </bands>
    </sensor>
    <sensor id="2" label="NIKON D5100 (24 mm)" type="frame">
      <resolution width="4928" height="3264"/>
      <property name="pixel_width" value="0.0048798578765843559"/>
      <property name="pixel_height" value="0.0048798578765843559"/>
      <property name="focal_length" value="24"/>
      <property name="fixed" value="false"/>
      <bands>
        <band label="Red"/>
        <band label="Green"/>
        <band label="Blue"/>
      </bands>
      <calibration type="frame" class="adjusted">
        <resolution width="4928" height="3264"/>
        <fx>4918.1760221260256</fx>
        <fy>4918.1760221260256</fy>
        <cx>2464</cx>
        <cy>1632</cy>
        <p1>-0.0042755556423500502</p1>
        <p2>-0.0067652425403695706</p2>
      </calibration>
      <covariance>
        <params>p1 p2</params>
        <coeffs>5.1229125158294543e-09 -2.8394591345647393e-10 -2.8394591345647455e-10 7.7760387900734939e-09</coeffs>
      </covariance>
    </sensor>
    <sensor id="3" label="NIKON D5100 (26 mm)" type="frame">
      <resolution width="4928" height="3264"/>
      <property name="pixel_width" value="0.004879857876584355"/>
      <property name="pixel_height" value="0.004879857876584355"/>
      <property name="focal_length" value="26"/>
      <property name="fixed" value="false"/>
      <bands>
        <band label="Red"/>
        <band label="Green"/>
        <band label="Blue"/>
      </bands>
      <calibration type="frame" class="adjusted">
        <resolution width="4928" height="3264"/>
        <fx>5328.0240239698614</fx>
        <fy>5328.0240239698614</fy>
        <cx>2464</cx>
        <cy>1632</cy>
        <p1>-0.0016487167164079882</p1>
        <p2>0.0040064162913434915</p2>
      </calibration>
      <covariance>
        <params>p1 p2</params>
        <coeffs>7.7084370857604785e-09 2.9714487759870807e-10 2.9714487759870693e-10 1.7217482728764469e-08</coeffs>
      </covariance>
    </sensor>
    <sensor id="4" label="NIKON D5100 (22 mm)" type="frame">
      <resolution width="4928" height="3264"/>
      <property name="pixel_width" value="0.004879857876584355"/>
      <property name="pixel_height" value="0.004879857876584355"/>
      <property name="focal_length" value="22"/>
      <property name="fixed" value="false"/>
      <bands>
        <band label="Red"/>
        <band label="Green"/>
        <band label="Blue"/>
      </bands>
      <calibration type="frame" class="adjusted">
        <resolution width="4928" height="3264"/>
        <fx>4508.3280202821907</fx>
        <fy>4508.3280202821907</fy>
        <cx>2464</cx>
        <cy>1632</cy>
      </calibration>
      <covariance>
        <params>p1 p2</params>
        <coeffs>1.1222368050021853e-08 -2.7006473369207333e-10 -2.7006473369207783e-10 1.2742375721537677e-08</coeffs>
      </covariance>
    </sensor>
    <sensor id="5" label="NIKON D5100 (18 mm)" type="frame">
      <resolution width="4928" height="3264"/>
      <property name="pixel_width" value="0.004879857876584355"/>
      <property name="pixel_height" value="0.004879857876584355"/>
      <property name="focal_length" value="18"/>
      <property name="fixed" value="false"/>
      <bands>
        <band label="Red"/>
        <band label="Green"/>
        <band label="Blue"/>
      </bands>
      <calibration type="frame" class="adjusted">
        <resolution width="4928" height="3264"/>
        <fx>3688.6320165945194</fx>
        <fy>3688.6320165945194</fy>
        <cx>2464</cx>
        <cy>1632</cy>
        <k1>-0.087440590461046949</k1>
        <p1>-0.0012201172153007949</p1>
        <p2>-0.0015443203795011253</p2>
      </calibration>
      <covariance>
        <params>k1 p1 p2</params>
        <coeffs>1.1601044944272217e-08 -1.0904763393903077e-10 1.8077441932794884e-10 -1.0904763393902303e-10 1.0519022603244351e-09 -3.0943645644486920e-11 1.8077441932794610e-10 -3.0943645644486590e-11 1.1786133987850038e-09</coeffs>
      </covariance>
    </sensor>
    <sensor id="6" label="ONEPLUS A3003 (4.26 mm)" type="frame">
      <resolution width="2610" height="4640"/>
      <property name="pixel_width" value="0.0013848717758743042"/>
      <property name="pixel_height" value="0.0013848717758743042"/>
      <property name="focal_length" value="4.2599999999999998"/>
      <property name="fixed" value="false"/>
      <calibration type="frame" class="adjusted">
        <resolution width="2610" height="4640"/>
        <fx>3076.0970612680408</fx>
        <fy>3076.0970612680408</fy>
        <cx>1305</cx>
        <cy>2320</cy>
        <p1>0.0045845068093290572</p1>
        <p2>0.00082604219419572767</p2>
      </calibration>
      <covariance>
        <params>p1 p2</params>
        <coeffs>2.3962673112071147e-08 1.8265482537915984e-10 1.8265482537920614e-10 1.3396368122709494e-08</coeffs>
      </covariance>
    </sensor>
  </sensors>
  <cameras next_id="105" next_group_id="0">
    <camera id="3" label="DSC_0587.JPG" sensor_id="2" enabled="true">
      <transform>9.1886936126733365e-01 2.4795376546267636e-02 3.9378202882570801e-01 -7.0372705225270327e+00 -2.1412196017739615e-01 -8.0694067908055800e-01 5.5045301944380109e-01 -1.2331355496706578e+01 3.3140742763847564e-01 -5.9011179427879323e-01 -7.3616383173795752e-01 3.0582398767994327e+01 0.0000000000000000e+00 0.0000000000000000e+00 0.0000000000000000e+00 1.0000000000000000e+00</transform>
      <orientation>6</orientation>
    </camera>
    <camera id="4" label="DSC_0588.JPG" sensor_id="2" enabled="true">
      <transform>9.3902780171236877e-01 -2.3796237044818799e-02 3.4301680237816851e-01 -7.0318982787436335e+00 -1.5548983371749614e-01 -9.1915911555890106e-01 3.6189699072454912e-01 -7.3641670836687156e+00 3.0667523411867176e-01 -3.9316696121048339e-01 -8.6681603664836071e-01 3.3922790513409602e+01 0.0000000000000000e+00 0.0000000000000000e+00 0.0000000000000000e+00 1.0000000000000000e+00</transform>
      <orientation>6</orientation>
    </camera>
    <camera id="5" label="DSC_0589.JPG" sensor_id="3" enabled="true">
      <transform>9.2529704491492271e-01 -4.6463356205795614e-03 3.7921470203172858e-01 -6.3072856737769838e+00 -1.5955356647152333e-01 -9.1189382278105091e-01 3.7814324719605730e-01 -7.2168586210496244e+00 3.4404656385136145e-01 -4.1039988735264321e-01 -8.4451399891476575e-01 3.2029731872351057e+01 0.0000000000000000e+00 0.0000000000000000e+00 0.0000000000000000e+00 1.0000000000000000e+00</transform>
      <orientation>6</orientation>
    </camera>
    <camera id="6" label="DSC_0590.JPG" sensor_id="3" enabled="true">
      <transform>9.3125425645737447e-01 -4.6399694600359496e-02 3.6140362224390649e-01 -5.7664518022854931e+00 -8.5401542814839526e-02 -9.9202515968557303e-01 9.2696596677864146e-02 -2.2983505632676628e+00 3.5422039229111019e-01 -1.1718852713387456e-01 -9.2779025797500436e-01 3.3115646449608960e+01 0.0000000000000000e+00 0.0000000000000000e+00 0.0000000000000000e+00 1.0000000000000000e+00</transform>
      <orientation>6</orientation>
    </camera>
    <camera id="7" label="DSC_0591.JPG" sensor_id="3" enabled="true">
      <transform>9.5372156603271707e-01 -2.1887105592694245e-02 2.9989352959488119e-01 -5.8431470658367539e+00 3.5790540486501984e-03 -9.9645038830501342e-01 -8.4105968984993840e-02 2.7147979001747005e+00 3.0066986023913084e-01 8.1287011604328024e-02 -9.5025788967428171e-01 3.4645219086836946e+01 0.0000000000000000e+00 0.0000000000000000e+00 0.0000000000000000e+00 1.0000000000000000e+00</transform>
      <orientation>6</orientation>
    </camera>
    <camera id="8" label="DSC_0592.JPG" sensor_id="3" enabled="true">
      <transform>9.4751995980925852e-01 -3.5388385008851421e-02 3.1773194357748585e-01 -4.7352616368626483e+00 6.6524279265671338e-02 -9.5027475429513886e-01 -3.0422427848134753e-01 8.2827266896973342e+00 3.1269865051075024e-01 3.0939546466582030e-01 -8.9805011019039294e-01 3.2208090732096807e+01 0.0000000000000000e+00 0.0000000000000000e+00 0.0000000000000000e+00 1.0000000000000000e+00</transform>
      <orientation>6</orientation>
    </camera>
    <camera id="9" label="DSC_0593.JPG" sensor_id="3" enabled="true">
      <transform>9.5296089293319364e-01 -5.9603932880809438e-02 2.9717487734515874e-01 -4.2595991800976778e+00 1.0223840426156484e-01 -8.5979528110470682e-01 -5.0029929370740378e-01 1.3033860691232622e+01 2.8532936272669002e-01 5.0714834691164890e-01 -8.1325746783584030e-01 2.9418664635043200e+01 0.0000000000000000e+00 0.0000000000000000e+00 0.0000000000000000e+00 1.0000000000000000e+00</transform>
      <orientation>6</orientation>
    </camera>
    <camera id="10" label="DSC_0594.JPG" sensor_id="3" enabled="true">
      <transform>9.4785922049196780e-01 -1.2219572788717534e-02 3.1845498923587395e-01 -4.2776081655511931e+00 1.5287148461812372e-01 -8.5936006393014630e-01 -4.8798625975802412e-01 1.2369763173439599e+01 2.7963048352962189e-01 5.1122496277356821e-01 -8.1268433608514545e-01 2.9969865154808218e+01 0.0000000000000000e+00 0.0000000000000000e+00 0.0000000000000000e+00 1.0000000000000000e+00</transform>
      <orientation>6</orientation>
    </camera>
    <camera id="11" label="DSC_0595.JPG" sensor_id="3" enabled="true">
      <transform>9.2497508415290819e-01 5.5766836032721728e-02 3.7591375832126817e-01 -7.3375949395156903e+00 -2.7853900149373600e-01 -5.7343879468075931e-01 7.7044401055621847e-01 -1.7093004665292849e+01 2.5852875728474345e-01 -8.1734815638990566e-01 -5.1488335854135803e-01 2.3710644772208973e+01 0.0000000000000000e+00 0.0000000000000000e+00 0.0000000000000000e+00 1.0000000000000000e+00</transform>
      <orientation>6</orientation>
    </camera>
    <camera id="12" label="DSC_0596.JPG" sensor_id="3" enabled="true">
      <transform>9.2207629968973348e-01 8.5120365715334240e-02 3.7753121843229964e-01 -7.4437262965371316e+00 -3.4858848387177899e-01 -2.4107705157771361e-01 9.0574164313813632e-01 -2.0059852073338849e+01 1.6811117292572642e-01 -9.6676593782729248e-01 -1.9261945642756945e-01 1.7181389808707468e+01 0.0000000000000000e+00 0.0000000000000000e+00 0.0000000000000000e+00 1.0000000000000000e+00</transform>
      <orientation>6</orientation>
    </camera>
    <camera id="13" label="DSC_0597.JPG" sensor_id="3" enabled="true">
      <transform>9.2732935877430378e-01 9.1613492672110552e-02 3.6285979153890258e-01 -6.9487086604012980e+00 -3.6779217794883828e-01 4.3801221999812845e-02 9.2887586188412352e-01 -2.1717720541925161e+01 6.9203859682020225e-02 -9.9483085040208730e-01 7.4312885109992857e-02 1.0352459082985458e+01 0.0000000000000000e+00 0.0000000000000000e+00 0.0000000000000000e+00 1.0000000000000000e+00</transform>
      <orientation>6</orientation>
    </camera>
    <camera id="14" label="DSC_0598.JPG" sensor_id="3" enabled="true">
      <transform>9.4320862059900912e-01 8.5149706954906978e-02 3.2110282688448505e-01 -6.4216200153644944e+00 -3.3143512596484581e-01 3.0680261145609555e-01 8.9220116278807149e-01 -1.9681565761223702e+01 -2.2544518277863079e-02 -9.4795658392629645e-01 3.1760047179814699e-01 4.5466504932187215e+00 0.0000000000000000e+00 0.0000000000000000e+00 0.0000000000000000e+00 1.0000000000000000e+00</transform>
      <orientation>6</orientation>
    </camera>
    <camera id="15" label="DSC_0599.JPG" sensor_id="3" enabled="true">
      <transform>9.9986553236810183e-01 1.5710822231096169e-02 -4.6997071266066349e-03 3.5396884443913210e+00 1.5646649148977211e-02 -8.2819995123391210e-01 5.6021426539008656e-01 -1.0305657879854079e+01 4.9091295217984958e-03 -5.6021246937297686e-01 -8.2833440687102322e-01 2.7800215927431623e+01 0.0000000000000000e+00 0.0000000000000000e+00 0.0000000000000000e+00 1.0000000000000000e+00</transform>
      <orientation>6</orientation>
    </camera>
    <camera id="16" label="DSC_0600.JPG" sensor_id="2" enabled="true">
      <transform>9.9746156331500802e-01 -3.2505365830170788e-02 -6.3354801723534096e-02 4.2652769694004666e+00 -7.5637288605170210e-03 -9.3306036599629538e-01 3.5964029725905827e-01 -5.1876795108656495e+00 -7.0804093913460500e-02 -3.5824817459284558e-01 -9.3093771310758910e-01 2.8936897180149177e+01 0.0000000000000000e+00 0.0000000000000000e+00 0.0000000000000000e+00 1.0000000000000000e+00</transform>
      <orientation>6</orientation>
    </camera>
    <camera id="17" label="DSC_0601.JPG" sensor_id="2" enabled="true">
      <transform>9.9585500524467085e-01 -7.6417164185290889e-02 -4.9327736082404733e-02 4.2516010089907166e+00 -7.7902921671709244e-02 -9.9654104076214978e-01 -2.8932488169923897e-02 1.3278411019186200e+00 -4.6946174755230205e-02 3.2655337918471257e-02 -9.9836350373062110e-01 2.8700028133430386e+01 0.0000000000000000e+00 0.0000000000000000e+00 0.0000000000000000e+00 1.0000000000000000e+00</transform>
      <orientation>6</orientation>
    </camera>
    <camera id="18" label="DSC_0602.JPG" sensor_id="2" enabled="true">
      <transform>9.9263255579365506e-01 -1.1043217401326261e-01 -4.9853225785901553e-02 4.6368070144083777e+00 -1.2040259748593049e-01 -9.4507513483471339e-01 -3.0386872829527756e-01 6.2976691053069871e+00 -1.3558159801263407e-02 3.0763245027118435e-01 -9.5140866710523020e-01 3.0053708921829372e+01 0.0000000000000000e+00 0.0000000000000000e+00 0.0000000000000000e+00 1.0000000000000000e+00</transform>
      <orientation>6</orientation>
    </camera>
    <camera id="19" label="DSC_0603.JPG" sensor_id="2" enabled="true">
      <transform>9.8925836944675538e-01 -1.2564902822703805e-01 -7.4700737514089205e-02 4.7427760168106001e+00 -1.4548335045647637e-01 -8.9603776800863810e-01 -4.1946503196578383e-01 1.0625646288351621e+01 -1.4229308468999460e-02 4.2582700713752170e-01 -9.0469270295100479e-01 2.8433343008907226e+01 0.0000000000000000e+00 0.0000000000000000e+00 0.0000000000000000e+00 1.0000000000000000e+00</transform>
      <orientation>6</orientation>
    </camera>
    <camera id="20" label="DSC_0604.JPG" sensor_id="2" enabled="true">
      <transform>9.8719207200264991e-01 -1.3437565915137339e-01 -8.5994157957083525e-02 5.8995310572350910e+00 -1.5951133527611194e-01 -8.4089607365201402e-01 -5.1715561220493222e-01 1.2689711242424378e+01 -2.8190235092527965e-03 5.2424896332206539e-01 -8.5156037810726837e-01 2.7095618012708716e+01 0.0000000000000000e+00 0.0000000000000000e+00 0.0000000000000000e+00 1.0000000000000000e+00</transform>
      <orientation>6</orientation>
    </camera>
    <camera id="21" label="DSC_0605.JPG" sensor_id="2" enabled="true">
      <transform>9.3241805216274432e-01 9.6084660387973753e-02 3.4837381365303777e-01 -7.4592117921645444e+00 -3.6084559153096524e-01 1.9506570508505261e-01 9.1199771368810945e-01 -1.3049358172556390e+01 1.9673207000932003e-02 -9.7607228663547185e-01 2.1655451089390740e-01 7.9331376278785743e+00 0.0000000000000000e+00 0.0000000000000000e+00 0.0000000000000000e+00 1.0000000000000000e+00</transform>
      <orientation>6</orientation>
    </camera>
    <camera id="22" label="DSC_0606.JPG" sensor_id="2" enabled="true">
      <transform>9.2963324383114410e-01 6.7638104523965320e-02 3.6222523211448154e-01 -7.7918056809089373e+00 -3.5208839573715933e-01 -1.2693298863478125e-01 9.2731967410568628e-01 -1.3045186504722608e+01 1.0870047631550836e-01 -9.8960249757801633e-01 -9.4186534261188171e-02 1.2972258327251126e+01 0.0000000000000000e+00 0.0000000000000000e+00 0.0000000000000000e+00 1.0000000000000000e+00</transform>
      <orientation>6</orientation>
    </camera>
    <camera id="23" label="DSC_0607.JPG" sensor_id="2" enabled="true">
      <transform>9.2624290433594481e-01 5.3575031945700652e-02 3.7310025210301101e-01 -7.7074356681069851e+00 -3.0585057256510184e-01 -4.7168649942147151e-01 8.2702313965518370e-01 -1.2247708305861474e+01 2.2029414297459790e-01 -8.8013724055713904e-01 -4.2051031896441271e-01 1.8192180441147002e+01 0.0000000000000000e+00 0.0000000000000000e+00 0.0000000000000000e+00 1.0000000000000000e+00</transform>
      <orientation>6</orientation>
    </camera>
    <camera id="24" label="DSC_0608.JPG" sensor_id="2" enabled="true">
      <transform>9.1626401423113912e-01 3.6025992150023986e-02 3.9895160623143844e-01 -7.2516449579313447e+00 -2.4037293753544803e-01 -7.4725717712216888e-01 6.1953818456975440e-01 -8.1978261926480016e+00 3.2043892885480985e-01 -6.6355771348769188e-01 -6.7602518721225779e-01 2.2058321145389090e+01 0.0000000000000000e+00 0.0000000000000000e+00 0.0000000000000000e+00 1.0000000000000000e+00</transform>
      <orientation>6</orientation>
    </camera>
    <camera id="25" label="DSC_0609.JPG" sensor_id="2" enabled="true">
      <transform>9.2042955250649161e-01 -1.1904801445508678e-02 3.9072716129703899e-01 -6.8156858142607097e+00 -1.5313965513989633e-01 -9.3062477934146060e-01 3.3239399227316280e-01 -3.9607104247723859e+00 3.5966329378508022e-01 -3.6578107629865275e-01 -8.5839764638858740e-01 2.4708877457704890e+01 0.0000000000000000e+00 0.0000000000000000e+00 0.0000000000000000e+00 1.0000000000000000e+00</transform>
      <orientation>6</orientation>
    </camera>
    <camera id="26" label="DSC_0610.JPG" sensor_id="2" enabled="true">
      <transform>9.3311065921419090e-01 -3.1846691139217224e-02 3.5817633356259199e-01 -6.4170881087572011e+00 -2.6616200882345384e-02 -9.9945502315563617e-01 -1.9525228284386315e-02 2.0684828395509727e+00 3.5860294966919676e-01 8.6859053903473871e-03 -9.3344977344048963e-01 2.5418887874015191e+01 0.0000000000000000e+00 0.0000000000000000e+00 0.0000000000000000e+00 1.0000000000000000e+00</transform>
      <orientation>6</orientation>
    </camera>
    <camera id="27" label="DSC_0611.JPG" sensor_id="2" enabled="true">
      <transform>9.3537353680983715e-01 -4.9804532588989564e-02 3.5013690917903428e-01 -5.6033384931987866e+00 6.2637467799085411e-02 -9.5105288247212605e-01 -3.0261355285112229e-01 6.8394040421500000e+00 3.4807024328944514e-01 3.0498839859091803e-01 -8.8647006856485222e-01 2.3740990011090851e+01 0.0000000000000000e+00 0.0000000000000000e+00 0.0000000000000000e+00 1.0000000000000000e+00</transform>
      <orientation>6</orientation>
    </camera>
    <camera id="28" label="DSC_0612.JPG" sensor_id="2" enabled="true">
      <transform>9.4083046943921989e-01 -5.2923545014789394e-02 3.3471947382523970e-01 -5.1441735502198593e+00 1.2044739706960016e-01 -8.7100945721030276e-01 -4.7627192861785567e-01 1.0295881093642544e+01 3.1674982606772784e-01 4.8840723155301585e-01 -8.1309773327244173e-01 2.3396445738932474e+01 0.0000000000000000e+00 0.0000000000000000e+00 0.0000000000000000e+00 1.0000000000000000e+00</transform>
      <orientation>6</orientation>
    </camera>
    <camera id="29" label="DSC_0613.JPG" sensor_id="4" enabled="true">
      <transform>9.1180318666776994e-01 -2.4321588366444949e-02 4.0990658584832806e-01 -4.7386010426129781e+00 1.9347988636015601e-01 -8.5504120534839179e-01 -4.8111336577820235e-01 9.1080026441849125e+00 3.6218846248405079e-01 5.1798937971323544e-01 -7.7492355761567655e-01 2.3686265305865906e+01 0.0000000000000000e+00 0.0000000000000000e+00 0.0000000000000000e+00 1.0000000000000000e+00</transform>
      <orientation>6</orientation>
    </camera>
    <camera id="30" label="DSC_0614.JPG" sensor_id="4" enabled="true">
      <transform>9.9999749757856105e-01 -4.0230185303911334e-04 -2.2006794030230061e-03 1.5766829952916530e+00 -8.3615249765176805e-04 8.4519383395988990e-01 -5.3445924436310666e-01 1.1718923487241323e+01 2.0750146063387379e-03 5.3445974702441457e-01 8.4519138254302040e-01 -6.4024081502500456e+00 0.0000000000000000e+00 0.0000000000000000e+00 0.0000000000000000e+00 1.0000000000000000e+00</transform>
      <orientation>6</orientation>
    </camera>
    <camera id="31" label="DSC_0615.JPG" sensor_id="4" enabled="true">
      <transform>9.9998738611916727e-01 4.2637024546268538e-03 2.6548905691052439e-03 1.5960638353236851e+00 -2.9105851295380533e-03 9.2269162697660234e-01 -3.8552780704052231e-01 8.2261373145003525e+00 -4.0934211558581379e-03 3.8551521675369554e-01 9.2269239812333548e-01 -8.9449756505528359e+00 0.0000000000000000e+00 0.0000000000000000e+00 0.0000000000000000e+00 1.0000000000000000e+00</transform>
      <orientation>6</orientation>
    </camera>
    <camera id="32" label="DSC_0616.JPG" sensor_id="4" enabled="true">
      <transform>9.9958008049999236e-01 2.6812741415158339e-02 1.0988155688403133e-02 1.5728284771485608e+00 -2.4807726141170980e-02 9.8781019218720922e-01 -1.5367368328628486e-01 3.8171145319743260e+00 -1.4974624914614570e-02 1.5333656155292050e-01 9.8806055457132491e-01 -1.0645540756995851e+01 0.0000000000000000e+00 0.0000000000000000e+00 0.0000000000000000e+00 1.0000000000000000e+00</transform>
      <orientation>6</orientation>
    </camera>
    <camera id="33" label="DSC_0617.JPG" sensor_id="4" enabled="true">
      <transform>9.9832791432761492e-01 4.1077313659782032e-02 4.0669764896913208e-02 1.4370012407985726e+00 -4.3651742686521881e-02 9.9695739635135328e-01 6.4579216631672112e-02 -5.4004472535012915e-01 -3.7893282184366051e-02 -6.6246540761209852e-02 9.9708349449906619e-01 -6.9992891907911430e+00 0.0000000000000000e+00 0.0000000000000000e+00 0.0000000000000000e+00 1.0000000000000000e+00</transform>
      <orientation>6</orientation>
    </camera>
    <camera id="34" label="DSC_0618.JPG" sensor_id="4" enabled="true">
      <transform>9.9908566535315524e-01 9.9929065025577916e-03 -4.1568919945966912e-02 1.3122678507616719e+00 -2.0489698912757523e-03 9.8237474156302196e-01 1.8691085806172514e-01 -1.6336184521915653e+00 4.2704039717896866e-02 -1.8665478552294568e-01 9.8149699746517582e-01 -6.5998536415279805e+00 0.0000000000000000e+00 0.0000000000000000e+00 0.0000000000000000e+00 1.0000000000000000e+00</transform>
      <orientation>6</orientation>
    </camera>
    <camera id="35" label="DSC_0619.JPG" sensor_id="4" enabled="true">
      <transform>9.9746057440104408e-01 2.0474512469202039e-02 6.8214344933361704e-02 1.8901174014554074e+00 -2.9782837431062012e-02 9.8993269158458397e-01 1.3836997046561783e-01 -1.7817506356023665e+00 -6.4694552398900568e-02 -1.4005020696610737e-01 9.8802862024268123e-01 -6.0591081836967779e+00 0.0000000000000000e+00 0.0000000000000000e+00 0.0000000000000000e+00 1.0000000000000000e+00</transform>
      <orientation>6</orientation>
    </camera>
    <camera id="36" label="DSC_0620.JPG" sensor_id="4" enabled="true">
      <transform>9.9946780926659207e-01 1.0756329577998290e-02 3.0796097380163076e-02 1.8437056831318741e+00 -1.8968745433783928e-02 9.5968924348588525e-01 2.8042243603919725e-01 -3.1758917670349645e+00 -2.6538367253983605e-02 -2.8085736114885584e-01 9.5938253984111777e-01 -5.5764207534759169e+00 0.0000000000000000e+00 0.0000000000000000e+00 0.0000000000000000e+00 1.0000000000000000e+00</transform>
      <orientation>6</orientation>
    </camera>
    <camera id="37" label="DSC_0621.JPG" sensor_id="4" enabled="true">
      <transform>9.9953187696688839e-01 4.1037212698315784e-03 3.0318086990918869e-02 1.2357001100234957e+00 2.3747046074830802e-02 5.2074437174660693e-01 -8.5338231590357660e-01 1.6578445050615866e+01 -1.9290016323716658e-02 8.5370279299412599e-01 5.2040314805375609e-01 1.7948887740813961e+00 0.0000000000000000e+00 0.0000000000000000e+00 0.0000000000000000e+00 1.0000000000000000e+00</transform>
      <orientation>6</orientation>
    </camera>
    <camera id="38" label="DSC_0622.JPG" sensor_id="5" enabled="true">
      <transform>9.9887800337862642e-01 3.1663899341580155e-02 3.5215505744134235e-02 1.3081217635074660e+00 2.0379126342436455e-02 3.8383853487582736e-01 -9.2317531940249442e-01 1.5562691251371147e+01 -4.2748398517931455e-02 9.2285718105396175e-01 3.8276258673136743e-01 5.5440386248927744e+00 0.0000000000000000e+00 0.0000000000000000e+00 0.0000000000000000e+00 1.0000000000000000e+00</transform>
      <orientation>6</orientation>
    </camera>
    <camera id="39" label="DSC_0623.JPG" sensor_id="5" enabled="true">
      <transform>9.9527346195572441e-01 4.6192801046704826e-02 8.5422251539789412e-02 1.6104930470574348e+00 6.4676193927117959e-02 3.4086796842514488e-01 -9.3788379772806418e-01 1.5415391518186169e+01 -7.2441189014050139e-02 9.3897564038327108e-01 3.3626926844577504e-01 7.1245817469056423e+00 0.0000000000000000e+00 0.0000000000000000e+00 0.0000000000000000e+00 1.0000000000000000e+00</transform>
      <orientation>6</orientation>
    </camera>
    <camera id="40" label="DSC_0624.JPG" sensor_id="5" enabled="true">
      <transform>9.9695521810759413e-01 4.1975931678669608e-02 6.5713881697457885e-02 1.5784545667023586e+00 5.6060554149727625e-02 1.9992176863407543e-01 -9.7820677808664203e-01 1.5918825547012744e+01 -5.4198776337342575e-02 9.7891230842498411e-01 1.9695985646218328e-01 8.9323394681059831e+00 0.0000000000000000e+00 0.0000000000000000e+00 0.0000000000000000e+00 1.0000000000000000e+00</transform>
      <orientation>6</orientation>
    </camera>
    <camera id="41" label="DSC_0625.JPG" sensor_id="5" enabled="true">
      <transform>9.9912363031167306e-01 -4.0661335774621159e-02 -9.9311190631769675e-03 1.3207318868721412e+00 -1.2788316674780543e-02 -7.0622403489452618e-02 -9.9742114228744838e-01 1.5745870690405017e+01 3.9855116477674653e-02 9.9667403492736595e-01 -7.1080502194023093e-02 1.1084972833846539e+01 0.0000000000000000e+00 0.0000000000000000e+00 0.0000000000000000e+00 1.0000000000000000e+00</transform>
      <orientation>6</orientation>
    </camera>
    <camera id="42" label="DSC_0626.JPG" sensor_id="5" enabled="true">
      <transform>9.9347117856809664e-01 7.5896804515108260e-02 -8.5174482205130728e-02 1.2807904881682743e+00 -8.3724840780512691e-02 -2.2087344173686803e-02 -9.9624409672711789e-01 1.5508927066591410e+01 -7.7493021561908945e-02 9.9687101687818613e-01 -1.5588691973894678e-02 1.0690176233067929e+01 0.0000000000000000e+00 0.0000000000000000e+00 0.0000000000000000e+00 1.0000000000000000e+00</transform>
      <orientation>6</orientation>
    </camera>
    <camera id="43" label="DSC_0627.JPG" sensor_id="5" enabled="true">
      <transform>9.8835941432369379e-01 -5.8855367308514948e-02 -1.4029153166426250e-01 -4.1065377121127017e-01 -1.0148069793967429e-01 4.3197449623843714e-01 -8.9615830216833070e-01 8.9493745920352978e+00 1.1334608975788078e-01 8.9996337722072239e-01 4.2097337635303039e-01 8.1044838029180077e+00 0.0000000000000000e+00 0.0000000000000000e+00 0.0000000000000000e+00 1.0000000000000000e+00</transform>
      <orientation>6</orientation>
    </camera>
    <camera id="44" label="DSC_0628.JPG" sensor_id="5" enabled="true">
      <transform>9.9047837579407516e-01 -7.0394293017151041e-02 -1.1830989221086327e-01 -1.7339245376451141e-02 -3.6208935032437481e-02 6.9591776538204819e-01 -7.1720804293417761e-01 7.0735248813448974e+00 1.3282130893854091e-01 7.1466293267264946e-01 6.8674259555934114e-01 4.4713321288093431e+00 0.0000000000000000e+00 0.0000000000000000e+00 0.0000000000000000e+00 1.0000000000000000e+00</transform>
      <orientation>6</orientation>
    </camera>
    <camera id="45" label="DSC_0629.JPG" sensor_id="5" enabled="true">
      <transform>9.9532107974377715e-01 -4.5386032727727579e-02 -8.5299802173975078e-02 1.9350962329057675e-01 2.4321434350381213e-03 8.9430182053628404e-01 -4.4745763873667355e-01 4.2433896200877070e+00 9.6592095411545162e-02 4.4515655877311944e-01 8.9022783897454094e-01 2.6262821852155125e+00 0.0000000000000000e+00 0.0000000000000000e+00 0.0000000000000000e+00 1.0000000000000000e+00</transform>
      <orientation>6</orientation>
    </camera>
    <camera id="46" label="DSC_0630.JPG" sensor_id="5" enabled="true">
      <transform>9.9884598628453536e-01 1.7409247687777074e-02 -4.4761744584181619e-02 4.8172290556714920e-01 -1.9711664459717684e-02 9.9847735046505670e-01 -5.1521169362776412e-02 4.1975767878128067e-01 4.3796643336006781e-02 5.2344041716569964e-02 9.9766825915695678e-01 3.6570382474418839e-01 0.0000000000000000e+00 0.0000000000000000e+00 0.0000000000000000e+00 1.0000000000000000e+00</transform>
      <orientation>6</orientation>
    </camera>
    <camera id="47" label="DSC_0631.JPG" sensor_id="5" enabled="true">
      <transform>9.9911244579862868e-01 1.4983713181653757e-02 -3.9367613460459847e-02 7.9036393975051122e-01 -1.6779620038024523e-02 9.9881465187591834e-01 -4.5691744871121313e-02 9.0874319907725620e-01 3.8636317133776743e-02 4.6311764566663298e-02 9.9817957074920149e-01 1.1122967052175226e+00 0.0000000000000000e+00 0.0000000000000000e+00 0.0000000000000000e+00 1.0000000000000000e+00</transform>
      <orientation>6</orientation>
    </camera>
    <camera id="48" label="DSC_0632.JPG" sensor_id="5" enabled="true">
      <transform>9.8648990529816150e-01 2.1922353058670282e-02 1.6234862851652174e-01 1.0010701562844591e+00 9.2569872183836929e-02 7.4303270091989293e-01 -6.6282216629165092e-01 7.9033634816089302e+00 -1.3516096148182974e-01 6.6889596784556860e-01 7.3096490934329228e-01 4.4596948190203181e+00 0.0000000000000000e+00 0.0000000000000000e+00 0.0000000000000000e+00 1.0000000000000000e+00</transform>
      <orientation>6</orientation>
    </camera>
    <camera id="49" label="DSC_0633.JPG" sensor_id="5" enabled="true">
      <transform>9.7406522383128946e-01 1.6280194735757189e-02 2.2568095839451305e-01 1.3584583563627348e+00 9.4855281984878595e-02 8.7615178345324074e-01 -4.7261033402928759e-01 5.4452633173340148e+00 -2.0542496246091727e-01 4.8176032174834765e-01 8.5188472059713538e-01 2.7647398495576123e+00 0.0000000000000000e+00 0.0000000000000000e+00 0.0000000000000000e+00 1.0000000000000000e+00</transform>
      <orientation>6</orientation>
    </camera>
    <camera id="50" label="DSC_0634.JPG" sensor_id="5" enabled="true">
      <transform>9.6201694549704575e-01 2.1112026048330446e-02 2.7217214944345208e-01 1.6182164308597613e+00 8.4535571655193278e-03 9.9422303960616110e-01 -1.0700039666998978e-01 1.8153715061571276e+00 -2.7285881687748975e-01 1.0523701759561832e-01 9.5628093998562791e-01 1.9198968912254195e+00 0.0000000000000000e+00 0.0000000000000000e+00 0.0000000000000000e+00 1.0000000000000000e+00</transform>
      <orientation>6</orientation>
    </camera>
    <camera id="51" label="DSC_0635.JPG" sensor_id="5" enabled="true">
      <transform>9.3880442439615885e-01 2.2327471383972598e-02 3.4372625264270223e-01 1.9710478743218185e+00 -1.0011828170861073e-01 9.7250172207182206e-01 2.1027774545837169e-01 -1.4393746065785458e+00 -3.2957940227191401e-01 -2.3182295958109578e-01 9.1522430748377170e-01 2.0784431947048381e+00 0.0000000000000000e+00 0.0000000000000000e+00 0.0000000000000000e+00 1.0000000000000000e+00</transform>
      <orientation>6</orientation>
    </camera>
    <camera id="52" label="DSC_0636.JPG" sensor_id="5" enabled="true">
      <transform>9.1893535902169432e-01 2.5471169864334672e-02 3.9358483894252327e-01 2.6197608068355205e+00 3.7712081347013836e-02 9.8766582512173084e-01 -1.5196715700139549e-01 2.7946487112012117e+00 -3.9260107597935334e-01 1.5449089744173530e-01 9.0664047877176834e-01 1.7102575869721088e+00 0.0000000000000000e+00 0.0000000000000000e+00 0.0000000000000000e+00 1.0000000000000000e+00</transform>
      <orientation>6</orientation>
    </camera>
    <camera id="53" label="DSC_0637.JPG" sensor_id="5" enabled="true">
      <transform>9.0849968531905767e-01 -3.3430028435996823e-02 4.1654622189373136e-01 3.0230507837478062e+00 2.6613641490618334e-01 8.1479104430895577e-01 -5.1506015452062015e-01 6.5666948892556833e+00 -3.2217965552787009e-01 5.7879010643988171e-01 7.4913435527364058e-01 3.4280655128199298e+00 0.0000000000000000e+00 0.0000000000000000e+00 0.0000000000000000e+00 1.0000000000000000e+00</transform>
      <orientation>6</orientation>
    </camera>
    <camera id="54" label="DSC_0638.JPG" sensor_id="5" enabled="true">
      <transform>9.1554140907572945e-01 -2.5407162233214264e-02 4.0142048325276458e-01 3.0515844888018324e+00 3.3934009906319457e-01 5.8459592283591022e-01 -7.3695040821714175e-01 9.6094722042677834e+00 -2.1594495927298060e-01 8.1092668171104443e-01 5.4384344388224914e-01 6.0191833922905120e+00 0.0000000000000000e+00 0.0000000000000000e+00 0.0000000000000000e+00 1.0000000000000000e+00</transform>
      <orientation>6</orientation>
    </camera>
    <camera id="55" label="DSC_0639.JPG" sensor_id="5" enabled="true">
      <transform>8.8679966032438551e-01 -2.6754399835424547e-02 -4.6137898146534673e-01 8.1894468721145302e+00 -3.5715781874142627e-01 5.9389755310155479e-01 -7.2091885044840676e-01 1.0879534989965455e+01 2.9329959931854832e-01 8.0409570233239780e-01 5.1711260527098635e-01 6.1450890755006906e+00 0.0000000000000000e+00 0.0000000000000000e+00 0.0000000000000000e+00 1.0000000000000000e+00</transform>
      <orientation>6</orientation>
    </camera>
    <camera id="56" label="DSC_0640.JPG" sensor_id="5" enabled="true">
      <transform>8.5053138461774047e-01 -9.2326019232340670e-02 -5.1775696031336804e-01 8.5097557703016111e+00 -3.0066962694829791e-01 7.2236244445733955e-01 -6.2272809015523656e-01 1.0317196902020116e+01 4.3150218911495736e-01 6.8532357686739953e-01 5.8663230031994740e-01 4.4211443086248803e+00 0.0000000000000000e+00 0.0000000000000000e+00 0.0000000000000000e+00 1.0000000000000000e+00</transform>
      <orientation>6</orientation>
    </camera>
    <camera id="57" label="DSC_0641.JPG" sensor_id="5" enabled="true">
      <transform>8.5562989993573835e-01 -2.3936314996458763e-02 -5.1703435781420615e-01 8.3423150756623414e+00 -2.2964330840614289e-01 8.7767051102385008e-01 -4.2066426634956150e-01 6.5816198698397903e+00 4.6385496142677984e-01 4.7866640461131588e-01 7.4546431695704685e-01 2.2938162642673343e+00 0.0000000000000000e+00 0.0000000000000000e+00 0.0000000000000000e+00 1.0000000000000000e+00</transform>
      <orientation>6</orientation>
    </camera>
    <camera id="58" label="DSC_0642.JPG" sensor_id="5" enabled="true">
      <orientation>6</orientation>
    </camera>
    <camera id="59" label="DSC_0643.JPG" sensor_id="5" enabled="true">
      <orientation>6</orientation>
    </camera>
    <camera id="60" label="DSC_0644.JPG" sensor_id="5" enabled="true">
      <transform>8.6876145723054266e-01 -1.3962805704576753e-02 4.9503390842195827e-01 -5.5984112756876554e+00 -2.6833625637587127e-01 -8.5341902531160740e-01 4.4684630551272198e-01 -3.3449589906412149e+00 4.1623212747798100e-01 -5.2103839330038093e-01 -7.4516428306925142e-01 1.7619018424799947e+01 0.0000000000000000e+00 0.0000000000000000e+00 0.0000000000000000e+00 1.0000000000000000e+00</transform>
      <orientation>6</orientation>
    </camera>
    <camera id="61" label="DSC_0645.JPG" sensor_id="5" enabled="true">
      <transform>8.6904160983108314e-01 1.3954762334389290e-02 4.9454215693951775e-01 -6.0403074115238926e+00 -2.2875923774698748e-01 -8.7499300201103924e-01 4.2668074432428599e-01 -2.3982045020525744e+00 4.3867515490122888e-01 -4.8393440778673730e-01 -7.5721304626405028e-01 1.6809233432832620e+01 0.0000000000000000e+00 0.0000000000000000e+00 0.0000000000000000e+00 1.0000000000000000e+00</transform>
      <orientation>6</orientation>
    </camera>
    <camera id="62" label="DSC_0646.JPG" sensor_id="5" enabled="true">
      <transform>7.3892843863308078e-02 9.0072890255764093e-01 4.2805057145517317e-01 -5.3086667131178027e+00 -2.1283084603012126e-01 -4.0509219611508795e-01 8.8915878425889583e-01 -5.6507287732092593e+00 9.7429096198409604e-01 -1.5680483648141286e-01 1.6176947997734858e-01 1.0722405729501659e+01 0.0000000000000000e+00 0.0000000000000000e+00 0.0000000000000000e+00 1.0000000000000000e+00</transform>
      <orientation>1</orientation>
    </camera>
    <camera id="63" label="DSC_0647.JPG" sensor_id="5" enabled="true">
      <orientation>1</orientation>
    </camera>
    <camera id="64" label="DSC_0648.JPG" sensor_id="5" enabled="true">
      <transform>2.2153961722951121e-01 8.8103320150255016e-01 4.1797212329049938e-01 -5.7200071958590630e+00 -1.1395574474197762e-01 -4.0229578031972019e-01 9.0838989061814668e-01 -5.0509560273331395e+00 9.6847007503489890e-01 -2.4887467325365642e-01 1.1274341434553525e-02 1.1735514355157752e+01 0.0000000000000000e+00 0.0000000000000000e+00 0.0000000000000000e+00 1.0000000000000000e+00</transform>
      <orientation>1</orientation>
    </camera>
    <camera id="65" label="DSC_0649.JPG" sensor_id="5" enabled="true">
      <transform>5.9187847859912379e-02 9.4634846533760675e-01 3.1768125663763636e-01 -5.4096082261157408e+00 6.3349176264217399e-01 2.1033898683118768e-01 -7.4461110472738723e-01 5.3111580107816820e+00 -7.7148232988852228e-01 2.4532038800716335e-01 -5.8705444542886476e-01 1.6525966347548628e+01 0.0000000000000000e+00 0.0000000000000000e+00 0.0000000000000000e+00 1.0000000000000000e+00</transform>
      <orientation>1</orientation>
    </camera>
    <camera id="66" label="DSC_0650.JPG" sensor_id="5" enabled="true">
      <transform>9.6818371879085152e-02 9.4725367281978989e-01 3.0551052714448518e-01 -4.9469171332132440e+00 5.4911098143987880e-01 2.0517459790459169e-01 -8.1017313855547068e-01 6.3614698810779142e+00 -8.3012248067909589e-01 2.4619882961563239e-01 -5.0028272343453650e-01 1.5195794810076393e+01 0.0000000000000000e+00 0.0000000000000000e+00 0.0000000000000000e+00 1.0000000000000000e+00</transform>
      <orientation>1</orientation>
    </camera>
    <camera id="67" label="DSC_0651.JPG" sensor_id="5" enabled="true">
      <transform>-8.0000468686828724e-02 9.8542801731351726e-01 -1.5010512217588656e-01 -6.3535366540613381e-01 -4.9568889436510966e-01 9.1319034803421018e-02 8.6368591159383079e-01 -5.0148007052870920e+00 8.6480775031967816e-01 1.4350071977562229e-01 4.8116015879423707e-01 7.0871080702699265e+00 0.0000000000000000e+00 0.0000000000000000e+00 0.0000000000000000e+00 1.0000000000000000e+00</transform>
      <orientation>1</orientation>
    </camera>
    <camera id="68" label="DSC_0652.JPG" sensor_id="5" enabled="true">
      <transform>-6.4326779544471704e-02 9.8456667906451645e-01 -1.6275908548927892e-01 3.0140826508226470e-01 -7.2536122131155989e-01 6.5880532523137608e-02 6.8520862082424938e-01 -3.8672437348984725e+00 6.8535623149632130e-01 1.6213639292378901e-01 7.0992860629701615e-01 5.3245738501973872e+00 0.0000000000000000e+00 0.0000000000000000e+00 0.0000000000000000e+00 1.0000000000000000e+00</transform>
      <orientation>1</orientation>
    </camera>
    <camera id="69" label="DSC_0653.JPG" sensor_id="5" enabled="true">
      <transform>-8.2884809939763493e-02 9.6068444921896523e-01 2.6498206978983091e-01 1.6749434750679237e+00 -3.6322316985839870e-01 -2.7672866546064773e-01 8.8965733548956138e-01 -3.3165327817334220e+00 9.2800810188234162e-01 -2.2508548181133070e-02 3.7187945372057274e-01 7.5941399562199789e+00 0.0000000000000000e+00 0.0000000000000000e+00 0.0000000000000000e+00 1.0000000000000000e+00</transform>
      <orientation>1</orientation>
    </camera>
    <camera id="70" label="DSC_0654.JPG" sensor_id="5" enabled="true">
      <transform>-1.4834301671373795e-01 9.6469349231886636e-01 2.1762540125154711e-01 2.3465662205246325e+00 -5.6829707472354252e-01 -2.6325265785059404e-01 7.7957454614376842e-01 -2.6943116423228157e+00 8.0934095673759909e-01 -8.0314389885816073e-03 5.8728418311311659e-01 5.6390126743549045e+00 0.0000000000000000e+00 0.0000000000000000e+00 0.0000000000000000e+00 1.0000000000000000e+00</transform>
      <orientation>1</orientation>
    </camera>
    <camera id="71" label="DSC_0655.JPG" sensor_id="5" enabled="true">
      <transform>-1.3019571279083650e-01 9.7102888356019623e-01 2.0037959891846491e-01 2.9337852871047017e+00 -6.5923871544003931e-01 -2.3573580193352728e-01 7.1402587330692957e-01 -2.1342365120640778e+00 7.4057639203248493e-01 -3.9134881865103888e-02 6.7083162461645407e-01 4.7723590808527074e+00 0.0000000000000000e+00 0.0000000000000000e+00 0.0000000000000000e+00 1.0000000000000000e+00</transform>
      <orientation>1</orientation>
    </camera>
    <camera id="72" label="DSC_0656.JPG" sensor_id="5" enabled="true">
      <transform>9.0097452538503320e-02 9.3847387806458493e-01 3.3339050561839767e-01 9.2035509466185006e-01 7.9624108973101260e-01 1.3320097404430631e-01 -5.9013356754011026e-01 7.1164859896076296e+00 -5.9823287779095025e-01 3.1862875059238882e-01 -7.3525039491719513e-01 1.5917490732205557e+01 0.0000000000000000e+00 0.0000000000000000e+00 0.0000000000000000e+00 1.0000000000000000e+00</transform>
      <orientation>1</orientation>
    </camera>
    <camera id="73" label="DSC_0657.JPG" sensor_id="5" enabled="true">
      <transform>8.0500329118073588e-02 9.4130407059425159e-01 3.2782059681260722e-01 5.5003884468261388e-01 8.4781860902042305e-01 1.0828206562836840e-01 -5.1911328287949698e-01 5.7379328667156324e+00 -5.2414053765240942e-01 3.1972119251927278e-01 -7.8933836587581208e-01 1.7315313966969114e+01 0.0000000000000000e+00 0.0000000000000000e+00 0.0000000000000000e+00 1.0000000000000000e+00</transform>
      <orientation>1</orientation>
    </camera>
    <camera id="74" label="DSC_0658.JPG" sensor_id="5" enabled="true">
      <transform>1.4108527945019722e-01 7.0855444821823110e-01 6.9140837269490618e-01 -1.6436892894382971e+00 8.4535593661086250e-01 2.7724989808556377e-01 -4.5662439099145424e-01 5.1109209942802121e+00 -5.1523614426710374e-01 6.4890915228689994e-01 -5.5986482986437491e-01 1.4077861623678203e+01 0.0000000000000000e+00 0.0000000000000000e+00 0.0000000000000000e+00 1.0000000000000000e+00</transform>
      <orientation>1</orientation>
    </camera>
    <camera id="75" label="DSC_0659.JPG" sensor_id="5" enabled="true">
      <transform>3.8456240493873628e-01 4.2023727835662228e-01 8.2189560565022735e-01 -2.0359468295890188e+00 6.0043167496647187e-01 5.6239977049389023e-01 -5.6849652755788815e-01 4.8769256044900802e+00 -7.0113733348374230e-01 7.1211454698513088e-01 -3.6045964648894514e-02 1.1007821275510249e+01 0.0000000000000000e+00 0.0000000000000000e+00 0.0000000000000000e+00 1.0000000000000000e+00</transform>
      <orientation>1</orientation>
    </camera>
    <camera id="78" label="DSC_0662.JPG" sensor_id="5" enabled="true">
      <transform>4.4875286832562883e-01 3.1753110157865067e-01 8.3534116545263692e-01 -7.7467713114565955e+00 4.7351820615599088e-01 7.0825342281893344e-01 -5.2360060876977388e-01 3.5218948279551681e+00 -7.5789271774330536e-01 6.3051652523586876e-01 1.6747399737318233e-01 1.0457279537520686e+01 0.0000000000000000e+00 0.0000000000000000e+00 0.0000000000000000e+00 1.0000000000000000e+00</transform>
      <orientation>1</orientation>
    </camera>
    <camera id="79" label="DSC_0663.JPG" sensor_id="5" enabled="true">
      <transform>8.0734392191715521e-01 2.6058219915583125e-01 5.2942677418745787e-01 -6.3997861672169920e+00 2.7141624427687527e-01 6.3267706321683725e-01 -7.2529508203348103e-01 4.2326626950821176e+00 -5.2395516419447796e-01 7.2925760274571638e-01 4.4006173970422480e-01 8.5223364587884678e+00 0.0000000000000000e+00 0.0000000000000000e+00 0.0000000000000000e+00 1.0000000000000000e+00</transform>
      <orientation>6</orientation>
    </camera>
    <camera id="80" label="DSC_0664.JPG" sensor_id="5" enabled="true">
      <transform>9.3282709945219433e-01 1.9321519736382289e-01 3.0414057610793271e-01 -4.7295655398332466e+00 1.3690347085779184e-01 5.9072574089213781e-01 -7.9517327590565112e-01 4.7240329359413522e+00 -3.3330322859926814e-01 7.8339708102283234e-01 5.2459314830658077e-01 7.7927512536081407e+00 0.0000000000000000e+00 0.0000000000000000e+00 0.0000000000000000e+00 1.0000000000000000e+00</transform>
      <orientation>6</orientation>
    </camera>
    <camera id="81" label="DSC_0665.JPG" sensor_id="5" enabled="true">
      <transform>9.8722314832276736e-01 1.1441014798474830e-01 1.1090885200826527e-01 -3.2363204808725232e+00 3.0048635541848855e-02 5.4987673843225360e-01 -8.3470512879290493e-01 5.0291980566631240e+00 -1.5648493511439504e-01 8.2737288484045390e-01 5.3941317606546146e-01 7.5759652868434806e+00 0.0000000000000000e+00 0.0000000000000000e+00 0.0000000000000000e+00 1.0000000000000000e+00</transform>
      <orientation>6</orientation>
    </camera>
    <camera id="84" label="DSC_0668.JPG" sensor_id="5" enabled="true">
      <transform>6.7399382404662389e-01 -2.3323100586394185e-01 -7.0095336724400026e-01 1.8522467118418573e+00 -4.3944485268484079e-01 6.3613616958628616e-01 -6.3420737554279993e-01 4.1560415271948408e+00 5.9381861422138571e-01 7.3548220348814786e-01 3.2625968454041548e-01 9.0785077803343164e+00 0.0000000000000000e+00 0.0000000000000000e+00 0.0000000000000000e+00 1.0000000000000000e+00</transform>
      <orientation>6</orientation>
    </camera>
    <camera id="85" label="IMG_20160805_084854.jpg" sensor_id="6" enabled="true">
      <transform>4.1918525867425463e-03 9.9872701647082462e-01 5.0267036347652894e-02 3.7247245885234039e+00 -9.1728441866884092e-01 2.3857514838109634e-02 -3.9751743892955937e-01 7.1081601275259549e+00 -3.9821065234277403e-01 -4.4442834709710138e-02 9.1621673789759361e-01 -3.6374175572339142e+00 0.0000000000000000e+00 0.0000000000000000e+00 0.0000000000000000e+00 1.0000000000000000e+00</transform>
    </camera>
    <camera id="86" label="IMG_20160805_084856.jpg" sensor_id="6" enabled="true">
      <transform>-4.8259563058131678e-02 9.9631763146562036e-01 7.0867424139547039e-02 4.4266292081457710e+00 -9.8973378742973539e-01 -3.8143348541956862e-02 -1.3773930078956464e-01 3.8173884445205304e+00 -1.3452897306316430e-01 -7.6787122571060309e-02 9.8793000420770061e-01 -4.9346480559427164e+00 0.0000000000000000e+00 0.0000000000000000e+00 0.0000000000000000e+00 1.0000000000000000e+00</transform>
    </camera>
    <camera id="87" label="IMG_20160805_084902.jpg" sensor_id="6" enabled="true">
      <transform>-4.8514392634695210e-02 9.9557941175952336e-01 8.0423806101478063e-02 4.9124150548803405e+00 -9.9640379560180259e-01 -5.3839850495060980e-02 6.5427414812071996e-02 6.2387048039154247e-01 6.9468192848296334e-02 -7.6960414364990196e-02 9.9461111234650978e-01 -4.7672159979224737e+00 0.0000000000000000e+00 0.0000000000000000e+00 0.0000000000000000e+00 1.0000000000000000e+00</transform>
    </camera>
    <camera id="88" label="IMG_20160805_084904.jpg" sensor_id="6" enabled="true">
      <transform>-4.4578573511063667e-02 9.9552474187681206e-01 8.3326100921772908e-02 5.0262369574483223e+00 -9.9887472180718317e-01 -4.3065860593673275e-02 -1.9865089628511669e-02 1.9069639073763065e+00 -1.6187677978672377e-02 -8.4117893235821667e-02 9.9632431422666101e-01 -4.5513654773787513e+00 0.0000000000000000e+00 0.0000000000000000e+00 0.0000000000000000e+00 1.0000000000000000e+00</transform>
    </camera>
    <camera id="89" label="IMG_20160805_084906.jpg" sensor_id="6" enabled="true">
      <transform>-2.9623588216847699e-02 9.9597987698726786e-01 8.4537137741856755e-02 5.2169315678485297e+00 -9.9417179831106650e-01 -2.0587697634653918e-02 -1.0582335351445071e-01 3.3321832859619009e+00 -1.0365750558497433e-01 -8.7179305701130055e-02 9.9078498686312888e-01 -4.5520124017962402e+00 0.0000000000000000e+00 0.0000000000000000e+00 0.0000000000000000e+00 1.0000000000000000e+00</transform>
    </camera>
    <camera id="90" label="IMG_20160805_084908.jpg" sensor_id="6" enabled="true">
      <transform>2.2775442560295692e-02 9.9509685837055528e-01 9.6247190490080681e-02 5.5492936228435106e+00 -9.2099056721624994e-01 5.8335699280750823e-02 -3.8519257688605057e-01 6.0730164255297856e+00 -3.8891857028801391e-01 -7.9869823152909331e-02 9.1780344139398939e-01 -3.4184407528952168e+00 0.0000000000000000e+00 0.0000000000000000e+00 0.0000000000000000e+00 1.0000000000000000e+00</transform>
    </camera>
    <camera id="91" label="IMG_20160805_084910.jpg" sensor_id="6" enabled="true">
      <transform>3.2916651578657655e-02 9.9361875176567105e-01 1.0788081473774316e-01 5.6024312098195859e+00 -8.1763636598995404e-01 8.8847537124312093e-02 -5.6883819154280246e-01 8.9915483152087852e+00 -5.7479323852981368e-01 -6.9483028766555710e-02 8.1534338879630031e-01 -2.0347312186535480e+00 0.0000000000000000e+00 0.0000000000000000e+00 0.0000000000000000e+00 1.0000000000000000e+00</transform>
    </camera>
    <camera id="92" label="IMG_20160805_084912.jpg" sensor_id="6" enabled="true">
      <transform>-4.6678022936334079e-03 9.9499694358128532e-01 9.9796261882135584e-02 5.3899528359386260e+00 -8.3701391163668326e-01 5.0718328700454236e-02 -5.4482599319460778e-01 9.2792303940850740e+00 -5.4716169762548783e-01 -8.6073999545350055e-02 8.3258954068247881e-01 -1.9281206082970332e+00 0.0000000000000000e+00 0.0000000000000000e+00 0.0000000000000000e+00 1.0000000000000000e+00</transform>
    </camera>
    <camera id="93" label="IMG_20160805_084915.jpg" sensor_id="6" enabled="true">
      <transform>-2.6045135791797167e-02 9.9493841231922053e-01 9.7052597045599542e-02 5.3974458767575619e+00 -7.9518747355025587e-01 3.8214841848539127e-02 -6.0515825018853708e-01 1.0680252746480390e+01 -6.0580403829154839e-01 -9.2936438247867958e-02 7.9016725168501623e-01 -1.2463493207297458e+00 0.0000000000000000e+00 0.0000000000000000e+00 0.0000000000000000e+00 1.0000000000000000e+00</transform>
    </camera>
    <camera id="94" label="IMG_20160805_084919.jpg" sensor_id="6" enabled="true">
      <transform>-1.2874611281993964e-02 9.9369085294889747e-01 1.1141244611815104e-01 5.4455447035268536e+00 -6.7817277370992990e-01 7.3200729227225092e-02 -7.3124779810894647e-01 1.3292609801424238e+01 -7.3478972052072000e-01 -8.4971418761221218e-02 6.7295165102018073e-01 7.1642618546715242e-01 0.0000000000000000e+00 0.0000000000000000e+00 0.0000000000000000e+00 1.0000000000000000e+00</transform>
    </camera>
    <camera id="95" label="IMG_20160805_084923.jpg" sensor_id="6" enabled="true">
      <transform>1.2193380501890339e-03 9.9435844712546495e-01 1.0606503592114513e-01 5.1502235489716650e+00 -4.8841053808432133e-01 9.3146058343047955e-02 -8.6762835252390047e-01 1.4535515441618816e+01 -8.7261312132175939e-01 -5.0745349002524254e-02 4.8576872074240135e-01 3.9889437672620245e+00 0.0000000000000000e+00 0.0000000000000000e+00 0.0000000000000000e+00 1.0000000000000000e+00</transform>
    </camera>
    <camera id="96" label="IMG_20160805_084925.jpg" sensor_id="6" enabled="true">
      <transform>-1.5042528997592008e-02 9.8548655465813262e-01 1.6908569693915604e-01 5.2727573995425026e+00 -3.5704859164079633e-01 1.5266164961328554e-01 -9.2152630127667789e-01 1.5038458392644657e+01 -9.3396468109274910e-01 -7.4233896067726401e-02 3.4957016913049888e-01 5.5535313326825779e+00 0.0000000000000000e+00 0.0000000000000000e+00 0.0000000000000000e+00 1.0000000000000000e+00</transform>
    </camera>
    <camera id="97" label="IMG_20160805_084930.jpg" sensor_id="6" enabled="true">
      <transform>-3.8070364550378280e-02 9.9308531085995178e-01 1.1105049615915419e-01 4.2870298645380727e+00 -6.8033270120252309e-01 5.5638629830779718e-02 -7.3078844992585368e-01 1.2823813665813555e+01 -7.3191397241580236e-01 -1.0337266671972095e-01 6.7351022914115721e-01 1.7103572637849840e+00 0.0000000000000000e+00 0.0000000000000000e+00 0.0000000000000000e+00 1.0000000000000000e+00</transform>
    </camera>
    <camera id="98" label="IMG_20160805_084933.jpg" sensor_id="6" enabled="true">
      <transform>-1.0529443154877652e-02 9.9535947105518952e-01 9.5648597520199719e-02 4.3643579102918908e+00 -7.4713266254559885e-01 5.5743044570360348e-02 -6.6233337341519394e-01 1.1449516282003380e+01 -6.6459154025940781e-01 -7.8436192938972804e-02 7.4307862858035945e-01 -2.6198873101714065e-01 0.0000000000000000e+00 0.0000000000000000e+00 0.0000000000000000e+00 1.0000000000000000e+00</transform>
    </camera>
    <camera id="99" label="IMG_20160805_084941.jpg" sensor_id="6" enabled="true">
      <transform>-3.7736810292362324e-03 9.6849287836140774e-01 2.4901265810140005e-01 -4.1010323078971350e-01 -8.7414111812680706e-01 1.1774170894767519e-01 -4.7118382354883137e-01 7.5125099939338682e+00 -4.8565735342060345e-01 -2.1945030083669534e-01 8.4615512793528513e-01 3.4707466388148345e-01 0.0000000000000000e+00 0.0000000000000000e+00 0.0000000000000000e+00 1.0000000000000000e+00</transform>
    </camera>
    <camera id="100" label="IMG_20160805_084944.jpg" sensor_id="6" enabled="true">
      <transform>-1.5499940680379923e-02 9.7233694544004590e-01 2.3306783641512213e-01 -2.4494067132497641e-01 -9.4670249382325489e-01 6.0733026217094227e-02 -3.1633192648758041e-01 5.2780900486895268e+00 -3.2173613416546004e-01 -2.2554902806005434e-01 9.1957245278087263e-01 -1.7645074157622453e+00 0.0000000000000000e+00 0.0000000000000000e+00 0.0000000000000000e+00 1.0000000000000000e+00</transform>
    </camera>
    <camera id="101" label="IMG_20160805_084947.jpg" sensor_id="6" enabled="true">
      <transform>-2.5864510990007934e-02 9.7355535685601280e-01 2.2698236541240285e-01 -2.0385107896133295e-01 -9.9373077503346730e-01 -3.3479405066359075e-04 -1.1179908167927009e-01 1.9436250753886879e+00 -1.0876660251489066e-01 -2.2845099047696305e-01 9.6746057859091206e-01 -2.0912132479807819e+00 0.0000000000000000e+00 0.0000000000000000e+00 0.0000000000000000e+00 1.0000000000000000e+00</transform>
    </camera>
    <camera id="102" label="IMG_20160805_084950.jpg" sensor_id="6" enabled="true">
      <transform>2.0700145914472098e-02 9.7222745523845766e-01 2.3312073961720436e-01 5.9251981233925499e-01 -6.8477038596675854e-01 1.8368014373283076e-01 -7.0523125519309149e-01 1.0203178272292103e+01 -7.2846483955099450e-01 -1.4503578895858599e-01 6.6955477554797893e-01 3.1010775323265922e+00 0.0000000000000000e+00 0.0000000000000000e+00 0.0000000000000000e+00 1.0000000000000000e+00</transform>
    </camera>
    <camera id="103" label="IMG_20160805_084952.jpg" sensor_id="6" enabled="true">
      <transform>5.0697043766458588e-02 9.5251181154137221e-01 3.0025165882558408e-01 -6.5974800656479538e-01 -7.0661197095124972e-01 2.4666839720190420e-01 -6.6321506642282613e-01 9.6963666508139443e+00 -7.0578277979965742e-01 -1.7853837317511537e-01 6.8556160703634150e-01 2.9130808099675720e+00 0.0000000000000000e+00 0.0000000000000000e+00 0.0000000000000000e+00 1.0000000000000000e+00</transform>
    </camera>
    <camera id="104" label="IMG_20160805_084955.jpg" sensor_id="6" enabled="true">
      <transform>2.8231474303734610e-02 9.5815474402082113e-01 2.8485517437644076e-01 -6.5372576436677043e-01 -8.9458757118404697e-01 1.5136476960239176e-01 -4.2047804224030844e-01 6.4420200236724163e+00 -4.4600006876867776e-01 -2.4295718353983636e-01 8.6142657587557914e-01 1.4550474382887195e+00 0.0000000000000000e+00 0.0000000000000000e+00 0.0000000000000000e+00 1.0000000000000000e+00</transform>
    </camera>
  </cameras>
  <frames next_id="1">
    <frame id="0" path="0/frame.zip"/>
  </frames>
  <transform>
    <rotation>9.8238712411748308e-01 9.0772485619560611e-02 -1.6332756724640124e-01 -1.5012883754805906e-01 -1.3698402152741629e-01 -9.7913058883003190e-01 -1.1125138428194757e-01 9.8640546110644745e-01 -1.2094377121095334e-01</rotation>
  </transform>
  <reference>LOCAL_CS["Local Coordinates (m)",LOCAL_DATUM["Local Datum",0],UNIT["metre",1,AUTHORITY["EPSG","9001"]]]</reference>
  <region>
    <center>8.0239982433870161e-01 1.2206175313807162e+00 1.1283603277587686e+01</center>
    <size>1.6717094922979534e+01 1.1930959399163813e+01 1.2270745388310164e+01</size>
    <R>-9.9764046313987487e-01 -3.7198650851348902e-03 -6.8554131238056218e-02 -6.6916420777424698e-02 -1.7060417707432521e-01 9.8306480325313816e-01 -1.5352489582960167e-02 9.8533262270592714e-01 1.6995271017275479e-01</R>
  </region>
  <settings>
    <property name="accuracy_tiepoints" value="1"/>
    <property name="accuracy_cameras" value="10"/>
    <property name="accuracy_cameras_ypr" value="2"/>
    <property name="accuracy_markers" value="0.0050000000000000001"/>
    <property name="accuracy_scalebars" value="0.001"/>
    <property name="accuracy_projections" value="0.10000000000000001"/>
  </settings>
  <meta>
    <property name="align/adaptive_fitting" value="true"/>
    <property name="align/duration" value="44.782576"/>
  </meta>
</chunk>
