<?xml version="1.0" encoding="UTF-8"?>
<point_cloud version="1.2.0">
  <tracks path="tracks.ply" count="40124"/>
  <points path="points.ply" count="34198"/>
  <projections camera_id="3" path="p3.ply" count="1183"/>
  <projections camera_id="4" path="p4.ply" count="1553"/>
  <projections camera_id="5" path="p5.ply" count="2116"/>
  <projections camera_id="6" path="p6.ply" count="1957"/>
  <projections camera_id="7" path="p7.ply" count="1725"/>
  <projections camera_id="8" path="p8.ply" count="2110"/>
  <projections camera_id="9" path="p9.ply" count="2774"/>
  <projections camera_id="10" path="p10.ply" count="2655"/>
  <projections camera_id="11" path="p11.ply" count="1560"/>
  <projections camera_id="12" path="p12.ply" count="1527"/>
  <projections camera_id="13" path="p13.ply" count="1402"/>
  <projections camera_id="14" path="p14.ply" count="1411"/>
  <projections camera_id="15" path="p15.ply" count="1172"/>
  <projections camera_id="16" path="p16.ply" count="1388"/>
  <projections camera_id="17" path="p17.ply" count="1892"/>
  <projections camera_id="18" path="p18.ply" count="2245"/>
  <projections camera_id="19" path="p19.ply" count="2463"/>
  <projections camera_id="20" path="p20.ply" count="2156"/>
  <projections camera_id="21" path="p21.ply" count="1565"/>
  <projections camera_id="22" path="p22.ply" count="1761"/>
  <projections camera_id="23" path="p23.ply" count="2041"/>
  <projections camera_id="24" path="p24.ply" count="2690"/>
  <projections camera_id="25" path="p25.ply" count="2623"/>
  <projections camera_id="26" path="p26.ply" count="2046"/>
  <projections camera_id="27" path="p27.ply" count="1534"/>
  <projections camera_id="28" path="p28.ply" count="3222"/>
  <projections camera_id="29" path="p29.ply" count="3325"/>
  <projections camera_id="30" path="p30.ply" count="1032"/>
  <projections camera_id="31" path="p31.ply" count="997"/>
  <projections camera_id="32" path="p32.ply" count="1043"/>
  <projections camera_id="33" path="p33.ply" count="2041"/>
  <projections camera_id="34" path="p34.ply" count="2229"/>
  <projections camera_id="35" path="p35.ply" count="2375"/>
  <projections camera_id="36" path="p36.ply" count="2098"/>
  <projections camera_id="37" path="p37.ply" count="1275"/>
  <projections camera_id="38" path="p38.ply" count="1366"/>
  <projections camera_id="39" path="p39.ply" count="1354"/>
  <projections camera_id="40" path="p40.ply" count="671"/>
  <projections camera_id="41" path="p41.ply" count="654"/>
  <projections camera_id="42" path="p42.ply" count="620"/>
  <projections camera_id="43" path="p43.ply" count="1349"/>
  <projections camera_id="44" path="p44.ply" count="2951"/>
  <projections camera_id="45" path="p45.ply" count="2610"/>
  <projections camera_id="46" path="p46.ply" count="3220"/>
  <projections camera_id="47" path="p47.ply" count="3468"/>
  <projections camera_id="48" path="p48.ply" count="2956"/>
  <projections camera_id="49" path="p49.ply" count="2496"/>
  <projections camera_id="50" path="p50.ply" count="2674"/>
  <projections camera_id="51" path="p51.ply" count="2291"/>
  <projections camera_id="52" path="p52.ply" count="1686"/>
  <projections camera_id="53" path="p53.ply" count="1198"/>
  <projections camera_id="54" path="p54.ply" count="1005"/>
  <projections camera_id="55" path="p55.ply" count="369"/>
  <projections camera_id="56" path="p56.ply" count="391"/>
  <projections camera_id="57" path="p57.ply" count="178"/>
  <projections camera_id="58" path="p58.ply" count="267"/>
  <projections camera_id="59" path="p59.ply" count="267"/>
  <projections camera_id="60" path="p60.ply" count="2863"/>
  <projections camera_id="61" path="p61.ply" count="1991"/>
  <projections camera_id="62" path="p62.ply" count="1638"/>
  <projections camera_id="64" path="p64.ply" count="1484"/>
  <projections camera_id="65" path="p65.ply" count="490"/>
  <projections camera_id="66" path="p66.ply" count="420"/>
  <projections camera_id="67" path="p67.ply" count="279"/>
  <projections camera_id="68" path="p68.ply" count="598"/>
  <projections camera_id="69" path="p69.ply" count="482"/>
  <projections camera_id="70" path="p70.ply" count="1120"/>
  <projections camera_id="71" path="p71.ply" count="1124"/>
  <projections camera_id="72" path="p72.ply" count="1420"/>
  <projections camera_id="73" path="p73.ply" count="1735"/>
  <projections camera_id="74" path="p74.ply" count="140"/>
  <projections camera_id="75" path="p75.ply" count="343"/>
  <projections camera_id="78" path="p78.ply" count="77"/>
  <projections camera_id="79" path="p79.ply" count="718"/>
  <projections camera_id="80" path="p80.ply" count="1205"/>
  <projections camera_id="81" path="p81.ply" count="1111"/>
  <projections camera_id="84" path="p84.ply" count="198"/>
  <projections camera_id="85" path="p85.ply" count="764"/>
  <projections camera_id="86" path="p86.ply" count="818"/>
  <projections camera_id="87" path="p87.ply" count="784"/>
  <projections camera_id="88" path="p88.ply" count="738"/>
  <projections camera_id="89" path="p89.ply" count="804"/>
  <projections camera_id="90" path="p90.ply" count="615"/>
  <projections camera_id="91" path="p91.ply" count="711"/>
  <projections camera_id="92" path="p92.ply" count="775"/>
  <projections camera_id="93" path="p93.ply" count="715"/>
  <projections camera_id="94" path="p94.ply" count="702"/>
  <projections camera_id="95" path="p95.ply" count="610"/>
  <projections camera_id="96" path="p96.ply" count="489"/>
  <projections camera_id="97" path="p97.ply" count="774"/>
  <projections camera_id="98" path="p98.ply" count="772"/>
  <projections camera_id="99" path="p99.ply" count="1303"/>
  <projections camera_id="100" path="p100.ply" count="930"/>
  <projections camera_id="101" path="p101.ply" count="961"/>
  <projections camera_id="102" path="p102.ply" count="1203"/>
  <projections camera_id="103" path="p103.ply" count="1263"/>
  <projections camera_id="104" path="p104.ply" count="1530"/>
  <meta>
    <property name="match/duration" value="322.445602"/>
    <property name="match/match_downscale" value="2"/>
    <property name="match/match_filter_mask" value="true"/>
    <property name="match/match_point_limit" value="40000"/>
    <property name="match/match_select_pairs" value="1"/>
    <property name="match/match_tiepoint_limit" value="4000"/>
  </meta>
</point_cloud>
